proportion_mol_below_thresh,norm_percent_mol
24.475524475524836,0.0
14.765100671140816,-9.71042380438402
82.03125,57.555725524475164
32.432432432430865,7.956907956906029
